sample_idx	raw_item_repr
0	('TGCGCCAGCAGCTTGGGGACAGTCTACGAGCAGTACTTC', 'CASSLGTVYEQYF', np.int64(49), np.int64(13))
1	('TGTGCCAGCAGTGACTCTTTAGGGGAGGAACCCGGGGAGCTGTTTTTT', 'CASSDSLGEEPGELFF', np.int64(61), np.int64(8))
2	('TGTGCCAGTAGTATTTTGACAGGGCGAACAGCTTTCTTT', 'CASSILTGRTAFF', np.int64(26), np.int64(0))
3	('TGCAGTGCTAGAATAGGGGGGGGGGTTCCCCAAGAGACCCAGTACTTC', 'CSARIGGGVPQETQYF', np.int64(29), np.int64(11))
4	('TGCAGTGCTAGAGGTTTGAGGGGGGTCTACAATGAGCAGTTCTTC', 'CSARGLRGVYNEQFF', np.int64(29), np.int64(7))
5	('TGTGCTAGTGGTGATACAGGGGGGTTCTCGGATGGCTACACCTTC', 'CASGDTGGFSDGYTF', np.int64(17), np.int64(1))
6	('TGTGCCAGCAGCGCTGGGGTCGGAGGGGGTGCAAGGTCAATCGTCGAGCAGTACTTC', 'CASSAGVGGGARSIVEQYF', np.int64(88), np.int64(13))
7	('TGTGCCACCGGACAGCGGAAGGGAGAGACCCAGTACTTC', 'CATGQRKGETQYF', np.int64(31), np.int64(11))
8	('TGTGCCAGCACCGGAAGTGGGGGGGATGACTACGAGCAGTACTTC', 'CASTGSGGDDYEQYF', np.int64(32), np.int64(13))
9	('TGCAGTGCTAGATGGCCCAGGGTGGGAAAGCCCCAGCATTTT', 'CSARWPRVGKPQHF', np.int64(29), np.int64(4))
10	('TGTGCCAGTAGTCGTACAGGGGCGCCGAATGAGCAGTTCTTC', 'CASSRTGAPNEQFF', np.int64(26), np.int64(7))
11	('TGCGCCAGCAGCTTGGGGGGTGGGGGCAATGAGCAGTTCTTC', 'CASSLGGGGNEQFF', np.int64(49), np.int64(7))
12	('TGTGCCACCAGTGCGATACAGGGGCTCAATCAGCCCCAGCATTTT', 'CATSAIQGLNQPQHF', np.int64(31), np.int64(4))
13	('TGTGCCAGCTCACCACAGGGCCCCGGGGGGGCCCGCAGGAATGAGCAGTTCTTC', 'CASSPQGPGGARRNEQFF', np.int64(25), np.int64(7))
14	('TGCGCCAGCAGGAACGGGACCCGAACTAGCACAGATACGCAGTATTTT', 'CASRNGTRTSTDTQYF', np.int64(49), np.int64(9))
15	('TGTGCCAGCAGGGGACAGACATTCCACACCTACGAGCAGTACTTC', 'CASRGQTFHTYEQYF', np.int64(58), np.int64(13))
16	('TGTGCCAGCCAGGGAGCTAACTATGGCTACACCTTC', 'CASQGANYGYTF', np.int64(52), np.int64(1))
17	('TGTGCCAGCAGTGAAGATAGCAGGGGAGGCCCCGGCCAGACCCAGTACTTC', 'CASSEDSRGGPGQTQYF', np.int64(27), np.int64(11))
18	('TGTGCCAGCAGTGCACAGGGGACCACTGAAGCTTTCTTT', 'CASSAQGTTEAFF', np.int64(27), np.int64(0))
19	('TGTGCCAGCAGTGAATCTCAGGGGAGATATGGCTACACCTTC', 'CASSESQGRYGYTF', np.int64(32), np.int64(1))
20	('TGCGCCAGCAGCGTGGATCAGCCCCAGCATTTT', 'CASSVDQPQHF', np.int64(1), np.int64(4))
21	('TGTGCCAGCAGTTACTGTTTGCCCCGTACACCTCCCTCCTACAATGAGCAGTTCTTC', 'CASSYCLPRTPPSYNEQFF', np.int64(62), np.int64(7))
22	('TGTGCCAGCAGTTTTTGCGCCGGGACTAGCGGGGGGGCCCGCGATGGCAGCACAGATACGCAGTATTTT', 'CASSFCAGTSGGARDGSTDTQYF', np.int64(34), np.int64(9))
23	('TGTGCCAGCAGTTACGCTCCGGGACGGACCTATGGCTACACCTTC', 'CASSYAPGRTYGYTF', np.int64(62), np.int64(1))
24	('TGTGCCACCAGCAGAGGTGGCAGGGATTCACCCCTCCACTTT', 'CATSRGGRDSPLHF', np.int64(21), np.int64(6))
25	('TGTGCCTGGAGTGTGAACGAAAGGGGTGGGGAAGGACAGGTGTTGAACACTGAAGCTTTCTTT', 'CAWSVNERGGEGQVLNTEAFF', np.int64(42), np.int64(0))
26	('TGTGCTAGTGAGGGGGGGTCCCTCTTC', 'CASEGGSLF', np.int64(17), np.int64(7))
27	('TGTGCCTGGAGTACCCGGGGTCTCCCCGGGGAGCTGTTTTTT', 'CAWSTRGLPGELFF', np.int64(42), np.int64(8))
28	('TGTGCCAGCAGCTGTACCCCGTCCTTCACCTACGAGCAGTACTTC', 'CASSCTPSFTYEQYF', np.int64(73), np.int64(13))
29	('TGTGCCAGCAGCTTAGTAACCGGCGTTCAGAGGATTAGGGAATCCTACGAGCAGTACTTC', 'CASSLVTGVQRIRESYEQYF', np.int64(18), np.int64(13))
30	('TGTGCCAGCAGTAACCGGCAGCATGTCAACTATGGCTACACCTTC', 'CASSNRQHVNYGYTF', np.int64(34), np.int64(1))
31	('TGTGCTATCGGGACAGGGAGCGAACTAGGGGCCAACGTCCTGACTTTC', 'CAIGTGSELGANVLTF', np.int64(88), np.int64(12))
32	('TGTGCCAGCAGCTCAAGATCCCCCAAGGCTGATAATCAGCCCCAGCATTTT', 'CASSSRSPKADNQPQHF', np.int64(11), np.int64(4))
33	('TGTGCCAGCAGCTTAGACAGTGTTCCCGAGGGTCGGTCCCCTTACTATAGCAATCAGCCCCAGCATTTT', 'CASSLDSVPEGRSPYYSNQPQHF', np.int64(10), np.int64(4))
34	('TGTGCCAGCAGCTGCAGGAGGGCCACTGAAGCTTTCTTT', 'CASSCRRATEAFF', np.int64(35), np.int64(0))
35	('TGCAGTGCTAGAGATTCACGCCCAGGCTTTTCGGATCAGCCCCAGCATTTT', 'CSARDSRPGFSDQPQHF', np.int64(29), np.int64(4))
36	('TGCGCCAGACCACGGGATAAAGCTTTCTTT', 'CARPRDKAFF', np.int64(49), np.int64(0))
37	('TGTGCCAGCAGTTACATCCAGGGGGGATCCTACGAGCAGTACTTC', 'CASSYIQGGSYEQYF', np.int64(34), np.int64(13))
38	('TGCGCCAGCAGCTTAGCGACAGGGGGCGTTAGCTTC', 'CASSLATGGVSF', np.int64(49), np.int64(1))
39	('TGTGCCAAGGGGGGGGCTTTCTTT', 'CAKGGAFF', np.int64(26), np.int64(0))
40	('TGTGCCAGCAGGGGACGGGAGACCCAGTACTTC', 'CASRGRETQYF', np.int64(53), np.int64(11))
41	('TGCGCCAGCCCCTTGCAGGGGGCGGAGACCCAGTACTTC', 'CASPLQGAETQYF', np.int64(2), np.int64(11))
42	('TGTGCCAGCAAGACACGGGGTGCAACTAATGAAAAACTGTTTTTT', 'CASKTRGATNEKLFF', np.int64(61), np.int64(3))
43	('TGTGCCACCAGCCTGGAGGGGTGTCAAGAGACCCAGTACTTC', 'CATSLEGCQETQYF', np.int64(31), np.int64(11))
44	('TGTGCCAGCAGTGACGGACAGGGCTGTTGTCCCTATGGCTACACCTTC', 'CASSDGQGCCPYGYTF', np.int64(62), np.int64(1))
45	('TGCAGTGCTAGAGATAACGGGACTAGCGGGGGGGCCCTCTCCTACAATGAGCAGTTCTTC', 'CSARDNGTSGGALSYNEQFF', np.int64(29), np.int64(7))
46	('TGCGCCAGCAGCCAAGGACAGGGGGTTGGTAACACTGAAGCTTTCTTT', 'CASSQGQGVGNTEAFF', np.int64(45), np.int64(0))
47	('TGTGCCACGGGAACGGGCTACGAGCAGTACTTC', 'CATGTGYEQYF', np.int64(26), np.int64(13))
48	('TGTGCCAGCAGCTCCCAAGGGACAGCGGACACTGAAGCTTTCTTT', 'CASSSQGTADTEAFF', np.int64(87), np.int64(0))
49	('TGTGCCTGGAGTGTCGACAGGGACGGAGGGACAACAGATACGCAGTATTTT', 'CAWSVDRDGGTTDTQYF', np.int64(42), np.int64(9))
50	('TGTGCCTGGAAGCCGCCCAGGGGAGCAGATACGCAGTATTTT', 'CAWKPPRGADTQYF', np.int64(43), np.int64(9))
51	('TGTGCCAGCGAGTCGGTAAGCTCCTACAATGAGCAGTTCTTC', 'CASESVSSYNEQFF', np.int64(58), np.int64(7))
52	('TGCGCCAGCAGCCAAGTTGGCTCGGGACAGGGGGAACACTATGGCTACACCTTC', 'CASSQVGSGQGEHYGYTF', np.int64(45), np.int64(1))
53	('TGTGCCAGCAGCCAAGCGGGACTTGAGGGGGGGGATCCGCCCGGGGAGCTGTTTTTT', 'CASSQAGLEGGDPPGELFF', np.int64(38), np.int64(8))
54	('TGTGCCAGCAGCTCTACCTACGAGCAGTACTTC', 'CASSSTYEQYF', np.int64(88), np.int64(13))
55	('TGTGCCAGCAGTGAGGGACTAATTGCAACTAATGAAAAACTGTTTTTT', 'CASSEGLIATNEKLFF', np.int64(61), np.int64(3))
56	('TGTGCCAGCAGTTTATCCCCAGCGGGAGGGCCAATCTACGAGCAGTACTTC', 'CASSLSPAGGPIYEQYF', np.int64(34), np.int64(13))
57	('TGTGCCAGCAGCCAAGGGACAGCCTTGAACACTGAAGCTTTCTTT', 'CASSQGTALNTEAFF', np.int64(73), np.int64(0))
58	('TGTGCCAGCAGTGGCATGAACACTGAAGCTTTCTTT', 'CASSGMNTEAFF', np.int64(35), np.int64(0))
59	('TGTGCCAGCAGCCCCCACTTCCCAGGGACAGAGCGGCTCCGAGGGGCCAACGTCCTGACTTTC', 'CASSPHFPGTERLRGANVLTF', np.int64(73), np.int64(12))
60	('TGTGCCAGCAGTAGTCAATGGACGGGGAGGGGGGAGTACTCTGGGGCCAACGTCCTGACTTTC', 'CASSSQWTGRGEYSGANVLTF', np.int64(58), np.int64(12))
61	('TGTGCCAGGGGGGCTAGCGAGCAGTACTTC', 'CARGASEQYF', np.int64(26), np.int64(13))
62	('TGCAGTGCTAGAACCGCTTCCAGGACAGGTATCCTGAACACTGAAGCTTTCTTT', 'CSARTASRTGILNTEAFF', np.int64(29), np.int64(0))
63	('TGTGCCACCAGTGATTTAGGGGTGAACGAGCAGTACTTC', 'CATSDLGVNEQYF', np.int64(31), np.int64(13))
64	('TGCAGTGCACCGACAACCGAAGCTTTCTTT', 'CSAPTTEAFF', np.int64(29), np.int64(0))
65	('TGCAGCGTTGAAATGGGAGAGACAGGTGAAACGTATATTGAAAAACTGTTTTTT', 'CSVEMGETGETYIEKLFF', np.int64(36), np.int64(3))
66	('TGCGCCAGGGCCCAGAGGGAGGATCCAGATACGCAGTATTTT', 'CARAQREDPDTQYF', np.int64(49), np.int64(9))
67	('TGTGCCAGCAGCGGGGGGTATCAGCCCCAGCATTTT', 'CASSGGYQPQHF', np.int64(73), np.int64(4))
68	('TGTGCCAGCAGCTTACTAGCGGGAGGCTGGGGGGGTTACCACATCCAAGAGACCCAGTACTTC', 'CASSLLAGGWGGYHIQETQYF', np.int64(10), np.int64(11))
69	('TGCGCCAGCAGCCAAGAACCATCCTCGGACAGGGCCGGATACGAGCAGTACTTC', 'CASSQEPSSDRAGYEQYF', np.int64(45), np.int64(13))
70	('TGCGCCAGCAGCTGCCGATCGGAGGAGTCTGGAAACACCATATATTTT', 'CASSCRSEESGNTIYF', np.int64(49), np.int64(2))
71	('TGTGCCAGCAGTTATTCCCAGGACTTTGAGCAGTTCTTC', 'CASSYSQDFEQFF', np.int64(62), np.int64(7))
72	('TGTGCCAGCAGCTTGGCTCGACAGGGGGCTGTATTTCACACTGAAGCTTTCTTT', 'CASSLARQGAVFHTEAFF', np.int64(55), np.int64(0))
73	('TGTGCCAGCAGCACTATAGCGGGTAACGAGCAGTACTTC', 'CASSTIAGNEQYF', np.int64(88), np.int64(13))
74	('TGTGCCAGCAGTTACTCGAACCTCCCCCCGGGACTAGCGGAAGGGGAGGAACACTTC', 'CASSYSNLPPGLAEGEEHF', np.int64(64), np.int64(13))
75	('TGCAGTGCTGCGTCTCCCCGGGACAGGATTGAAGCTTTCTTT', 'CSAASPRDRIEAFF', np.int64(29), np.int64(0))
76	('TGCGCCAGCCAGGGGGCTTCCAGCAATCAGCCCCAGCATTTT', 'CASQGASSNQPQHF', np.int64(49), np.int64(4))
77	('TGTGCCCCTTGGACAGGATGGGAAAAACTGTTTTTT', 'CAPWTGWEKLFF', np.int64(31), np.int64(3))
78	('TGTGCCAGCAGCACGGGCAAAGCCCTAGGAAACACCATATATTTT', 'CASSTGKALGNTIYF', np.int64(88), np.int64(2))
79	('TGTGCCAGCAGCGTAGAAGCTCACTTGGCAGGGGGTAGTGGGGCCAACGTCCTGACTTTC', 'CASSVEAHLAGGSGANVLTF', np.int64(88), np.int64(12))
80	('TGTGCCAGCAGTTCCGGACGCTACGAGCAGTACTTC', 'CASSSGRYEQYF', np.int64(34), np.int64(13))
81	('TGCGCCAGCAGGGGGGCCCAATCTGCTGAAGCTTTCTTT', 'CASRGAQSAEAFF', np.int64(49), np.int64(0))
82	('TGTGCCAGCTCCGGGCGGTCGGCCTACAATGAGCAGTTCTTC', 'CASSGRSAYNEQFF', np.int64(25), np.int64(7))
83	('TGCGCCAGCAGCTTGGATACAGGTAGGGGAAGGGGGAGCCCGGATGGCTACACCTTC', 'CASSLDTGRGRGSPDGYTF', np.int64(49), np.int64(1))
84	('TGTGCCAGCAGTTTAGGGAGCAGGGGGTGGGCCCAGCATTTT', 'CASSLGSRGWAQHF', np.int64(14), np.int64(4))
85	('TGTGCCTGGACCCAAGGGGGGGGGGGTAGGGGGTACTGGGGTAAGGAGCAGTACTTC', 'CAWTQGGGGRGYWGKEQYF', np.int64(42), np.int64(13))
86	('TGTGCCAGCAGTGGGGGGGTACATACCGATGTTCCCTACAATGAGCAGTTCTTC', 'CASSGGVHTDVPYNEQFF', np.int64(27), np.int64(7))
87	('TGTGCCACCAGTGATTTGCAGGGGGCCAATCAGCCCCAGCATTTT', 'CATSDLQGANQPQHF', np.int64(31), np.int64(4))
88	('TGTGCCAGCAGACGGGAGTACAATGAGCAGTTCTTC', 'CASRREYNEQFF', np.int64(78), np.int64(7))
89	('TGTGCCAGCAGTTATTCCGCGGGGGGATACAATGAGCAGTTCTTC', 'CASSYSAGGYNEQFF', np.int64(67), np.int64(7))
90	('TGTTTAGAGGGCGGCTGCTCTGGGGCCAACGTCCTGACTTTC', 'CLEGGCSGANVLTF', np.int64(5), np.int64(12))
91	('TGTGCCAGCAGCTCGAGGATCTTGCAGTTCTTC', 'CASSSRILQFF', np.int64(52), np.int64(7))
92	('TGTGCCAGCAGTTACCACGGGAGAAATTCACCCCTCCACTTT', 'CASSYHGRNSPLHF', np.int64(62), np.int64(6))
93	('TGTGCCAGCAGTGGGTGGGACCGTGGAAACACCATATATTTT', 'CASSGWDRGNTIYF', np.int64(35), np.int64(2))
94	('TGTGCCAGCAGGACAGGGGGAAACACCATATATTTT', 'CASRTGGNTIYF', np.int64(61), np.int64(2))
95	('TGCGCCAGCAGCTACAGCTCCTACACCATATATTTT', 'CASSYSSYTIYF', np.int64(49), np.int64(2))
96	('TGTGCCAGCAGCGAACAGGGGAGGGAGACCCAGTACTTC', 'CASSEQGRETQYF', np.int64(53), np.int64(11))
97	('TGTGCCAGCAGTGCTAAACACCGGGGCTCCTCCTACAATGAGCAGTTCTTC', 'CASSAKHRGSSYNEQFF', np.int64(27), np.int64(7))
98	('TGTGCCAGGATCGAAACGGGACTAGCGGGGCCCCAAGAGACCCAGTACTTC', 'CARIETGLAGPQETQYF', np.int64(26), np.int64(11))
99	('TGTGCCAGCAGCTCTGGACAGGGCTATGGCTACACCTTC', 'CASSSGQGYGYTF', np.int64(70), np.int64(1))
100	('TGCAGTGCTAGCCGTTTGAGTCCCAGGGGTAGCAACACTGAAGCTTTCTTT', 'CSASRLSPRGSNTEAFF', np.int64(29), np.int64(0))
101	('TGTGCCAGCAGCCTTACCAGCCCGACTGGGGGTTATAGCAATCAGCCCCAGCATTTT', 'CASSLTSPTGGYSNQPQHF', np.int64(28), np.int64(4))
102	('TGTGCCAGCAGTCCCCTAGCCATTCAGTACTTC', 'CASSPLAIQYF', np.int64(28), np.int64(10))
103	('TGCGCCGTGCGCACACCGGGGAGAAAGACAGGGAAGAATGAAAAACTGTTTTTT', 'CAVRTPGRKTGKNEKLFF', np.int64(47), np.int64(3))
104	('TGTGCCAGCAGCTTCACAGTTAGCTCTAATGAAAAACTGTTTTTT', 'CASSFTVSSNEKLFF', np.int64(79), np.int64(3))
105	('TGTGCCGGGGGAGAGGAGTGCCCTTCAACTAGCACAGATACGCAGTATTTT', 'CAGGEECPSTSTDTQYF', np.int64(62), np.int64(9))
106	('TGTGCCAGCAGCTTAACCCCTGGGGGAGGGCCCTGCGTGGCAACTAATGAAAAACTGTTTTTT', 'CASSLTPGGGPCVATNEKLFF', np.int64(84), np.int64(3))
107	('TGTGCCAGCAGTGGAGGAGAGCCGGGGGCAGGCTACACCTTC', 'CASSGGEPGAGYTF', np.int64(34), np.int64(1))
108	('TGCAGTGCTAGACGCTATGGCTACACCTTC', 'CSARRYGYTF', np.int64(29), np.int64(1))
109	('TGCGCCAGCACTCCCCACAAGGTCGATTTATACAATGAGCAGTTCTTC', 'CASTPHKVDLYNEQFF', np.int64(49), np.int64(7))
110	('TGTGCCAGCAGTTTCGGTAATCGGCTGATCAATCCGGTCTTGGGCTCGGGAGATACGCAGTATTTT', 'CASSFGNRLINPVLGSGDTQYF', np.int64(15), np.int64(9))
111	('TGTGCCACCAGTGATTGGACAGGTCGGCCCCGATACGAGCAGTACTTC', 'CATSDWTGRPRYEQYF', np.int64(31), np.int64(13))
112	('TGTGCCAGCAGTTACTGCCGGGACGCCTACGAGCAGTACTTC', 'CASSYCRDAYEQYF', np.int64(59), np.int64(13))
113	('TGCAGCGTTGAAGATTTGGGGGTGGAAAATGCAACTAATGAAAAACTGTTTTTT', 'CSVEDLGVENATNEKLFF', np.int64(36), np.int64(3))
114	('TGTGCCAGCAGTAAGCCCGGGGGAGGGGCTTTCTTT', 'CASSKPGGGAFF', np.int64(59), np.int64(0))
115	('TGTGCCACGGGGGGCCCCCACCTAGTCAACACAGATACGCAGTATTTT', 'CATGGPHLVNTDTQYF', np.int64(35), np.int64(9))
116	('TGTGCCAGCAGCTTCTTTTCGGCTGGTTACTACGAGCAGTACTTC', 'CASSFFSAGYYEQYF', np.int64(11), np.int64(13))
117	('TGTGCCAGTAGTACTCACCGGACGCCTGGAAACACCATATATTTT', 'CASSTHRTPGNTIYF', np.int64(26), np.int64(2))
118	('TGCAGTGCTAGAGCGCCGTATGAGCAGTTCTTC', 'CSARAPYEQFF', np.int64(29), np.int64(7))
119	('TGTGCCACCAGCAGAGAGTCGACGGGCCTTCAGCCCCAGCATTTT', 'CATSRESTGLQPQHF', np.int64(21), np.int64(4))
120	('TGTGCCAGCAGCTTGGGGCCCCAGGACTATGGCTACACCTTC', 'CASSLGPQDYGYTF', np.int64(55), np.int64(1))
121	('TGTGCCAGCAGCTTAGTCCCGGGACTAGCGGGGACTGTCGAGCAGTACTTC', 'CASSLVPGLAGTVEQYF', np.int64(85), np.int64(13))
122	('TGTGCCAGCAGCTACAAAGGGGCCCCCCCCTACGAGCAGTACTTC', 'CASSYKGAPPYEQYF', np.int64(79), np.int64(13))
123	('TGCAGTGCTAGTTCTTCGTCCCCGGGAACAAACACCGGGGAGCTGTTTTTT', 'CSASSSSPGTNTGELFF', np.int64(29), np.int64(8))
124	('TGTGCCAGCAGCTTAGCGCCCACCTCGGGAGCGGCTGGCTACACCTTC', 'CASSLAPTSGAAGYTF', np.int64(84), np.int64(1))
125	('TGCAGCGTTGAAAAACGAGCGGGGCCTAATGAAAAACTGTTTTTT', 'CSVEKRAGPNEKLFF', np.int64(36), np.int64(3))
126	('TGTGCCAGCAGCGGTGGACAGGGCACAGATACGCAGTATTTT', 'CASSGGQGTDTQYF', np.int64(88), np.int64(9))
127	('TGTGCCTTCTTGGGACGTGATTTCTACGAGCAGTACTTC', 'CAFLGRDFYEQYF', np.int64(62), np.int64(13))
128	('TGTGCCAGCAGTTTTACAACTTACAGGGGGTTGTGGGGCATCAATGAGCAGTTCTTC', 'CASSFTTYRGLWGINEQFF', np.int64(62), np.int64(7))
129	('TGTGCCAGCAGCTTCCCGGGGGACAGATCACTGAATGAAAAACTGTTTTTT', 'CASSFPGDRSLNEKLFF', np.int64(70), np.int64(3))
130	('TGTGCCATCCGTGGTAAGACAGGGCGGGCAGATACGCAGTATTTT', 'CAIRGKTGRADTQYF', np.int64(5), np.int64(9))
131	('TGTGCCAGCACCCAGGGCGGCTACACCTTC', 'CASTQGGYTF', np.int64(18), np.int64(1))
132	('TGTGCCTGGAGTGTAACCAGGGGGGGGATGGGCTACGAGCAGTACTTC', 'CAWSVTRGGMGYEQYF', np.int64(42), np.int64(13))
133	('TGTGCCAGCACACTAGCGGGAGAGACCCAGTACTTC', 'CASTLAGETQYF', np.int64(69), np.int64(11))
134	('TGTGCCAGCAGCATGCCCCCGGGGTTTGGGCCCCCGAATCAGCCCCAGCATTTT', 'CASSMPPGFGPPNQPQHF', np.int64(61), np.int64(4))
135	('TGTGCCAGCAGTTACACGGACGGGGCTGAAGCTTTCTTT', 'CASSYTDGAEAFF', np.int64(64), np.int64(0))
136	('TGCGCCAGCAGCTGTTTTTACAGGCAATATGAAAAACTGTTTTTT', 'CASSCFYRQYEKLFF', np.int64(49), np.int64(3))
137	('TGCGCCAGCAGCAATCCGACAAGGGCTAGCTATGGCTACACCTTC', 'CASSNPTRASYGYTF', np.int64(49), np.int64(1))
138	('TGTGCCTGCGGCGGGAGACCTATGAACAATGAGCAGTTCTTC', 'CACGGRPMNNEQFF', np.int64(42), np.int64(7))
139	('TGTGCCAGCAGCTTGGTGGGCATGAACACTGAAGCTTTCTTT', 'CASSLVGMNTEAFF', np.int64(53), np.int64(0))
140	('TGTGCCAGCAGCTTAGCCCGGGCCACCGGGGAGCTGTTTTTT', 'CASSLARATGELFF', np.int64(11), np.int64(8))
141	('TGTGCCAGCAGTTACTTAGGGAGTACTGAAGCTTTCTTT', 'CASSYLGSTEAFF', np.int64(64), np.int64(0))
142	('TGCGCCAGCAGCCAAGAACTCCCGGTTCAGCCTCAGCCCCAGCATTTT', 'CASSQELPVQPQPQHF', np.int64(47), np.int64(4))
143	('TGCGCCAGCAGTGATTCGACCAAAAACATTCAGTACTTC', 'CASSDSTKNIQYF', np.int64(4), np.int64(10))
144	('TGTGCCAGCAGTGGGAAAGGGACAGGGGGCAATCAGCCCCAGCATTTT', 'CASSGKGTGGNQPQHF', np.int64(10), np.int64(4))
145	('TGCGCCAGGACGGGACAGGGCGTCTCCTATAATTCACCCCTCCACTTT', 'CARTGQGVSYNSPLHF', np.int64(49), np.int64(6))
146	('TGTGCCGGCGAGGGGGGCCAAGAGACCCAGTACTTC', 'CAGEGGQETQYF', np.int64(31), np.int64(11))
147	('TGTGCCAGCAGGGGACACAGGCTCTATGGCTACACCTTC', 'CASRGHRLYGYTF', np.int64(34), np.int64(1))
148	('TGTGCCACCAGTGACGGGGGGAACGGGAGGGCCCTGGGCCCCGGGTATGGCTACACCTTC', 'CATSDGGNGRALGPGYGYTF', np.int64(31), np.int64(1))
149	('TGCGCCAGCAGCACCGACAGGCCTTACGAGCAGTACTTC', 'CASSTDRPYEQYF', np.int64(45), np.int64(13))
150	('TGTGCCACCAGTGAAGAAATTGCGACTAGCGGGAATGAGCAGTTCTTC', 'CATSEEIATSGNEQFF', np.int64(31), np.int64(7))
151	('TGTGCCAGCAGCCCAATCAGCTACGAGCAGTACTTC', 'CASSPISYEQYF', np.int64(19), np.int64(13))
152	('TGTGCCAGCAGCGTGCCTAATGGCTACACCTTC', 'CASSVPNGYTF', np.int64(18), np.int64(1))
153	('TGTGCCAGCAGTTACACGCCGCATAGGGGGCTAATTCGCACCGGGGAGCTGTTTTTT', 'CASSYTPHRGLIRTGELFF', np.int64(64), np.int64(8))
154	('TGTGCCAAGCGGGAAAAGGGGGACAATGAGCAGTTCTTC', 'CAKREKGDNEQFF', np.int64(61), np.int64(7))
155	('TGTGCCAGCCTGCCCATAAGGCCGGGACTAGCGGCGAACACCGGGGAGCTGTTTTTT', 'CASLPIRPGLAANTGELFF', np.int64(59), np.int64(8))
156	('TGTGCCTGGAGTCCAAGAGTGGACTACGAGCAGTACTTC', 'CAWSPRVDYEQYF', np.int64(42), np.int64(13))
157	('TGTGCCAGCAGTAGGGGGAAGAGGAACTATGGCTACACCTTC', 'CASSRGKRNYGYTF', np.int64(58), np.int64(1))
158	('TGCGCCAGCAGCTTCCGTGGGACTAGCGGGTCCTGTTCGTATAGCTCCTACGAGCAGTACTTC', 'CASSFRGTSGSCSYSSYEQYF', np.int64(47), np.int64(13))
159	('TGTGCCAGCCCGCTTAGACAGGGGGCCTGGAGTGAGCAGTTCTTC', 'CASPLRQGAWSEQFF', np.int64(7), np.int64(7))
160	('TGTGCCAGCAGGAGGGTTTCGAACACCGGGGAGCTGTTTTTT', 'CASRRVSNTGELFF', np.int64(73), np.int64(8))
161	('TGCAGCCCAAGTCGGTCCTACGAGCAGTACTTC', 'CSPSRSYEQYF', np.int64(36), np.int64(13))
162	('TGTGCCAGCAGCTTCGTGGCGGACAGTGGTTCCTACGAGCAGTACTTC', 'CASSFVADSGSYEQYF', np.int64(8), np.int64(13))
163	('TGTGCCAGCAGTGACAAACGACCCGGGACAAGTCCCCAGGAGACCCAGTACTTC', 'CASSDKRPGTSPQETQYF', np.int64(61), np.int64(11))
164	('TGTGCCAGCAGGGCCCGGGACATCAGCTCCTACGAGCAGTACTTC', 'CASRARDISSYEQYF', np.int64(88), np.int64(13))
165	('TGCGCCAGCAGCCAGTCGAAGGATGAAAAACTGTTTTTT', 'CASSQSKDEKLFF', np.int64(47), np.int64(3))
166	('TGTGCCAGCAGCCCCCCAGGTTGCCAGCCGACCCAATATGAGCAGTTCTTC', 'CASSPPGCQPTQYEQFF', np.int64(11), np.int64(7))
167	('TGTGCCCAGGGGCGGCCATACTATGGCTACACCTTC', 'CAQGRPYYGYTF', np.int64(69), np.int64(1))
168	('TGTGCCAGCACGGATCCCCCACGGGGCTTGAGAAACACCATATATTTT', 'CASTDPPRGLRNTIYF', np.int64(63), np.int64(2))
169	('TGTGCCAGCAGTGACTCTAGGGGAAGACAGCCCCAGCATTTT', 'CASSDSRGRQPQHF', np.int64(61), np.int64(4))
170	('TGTGCCTGGAGTGTAAGGGCGGGTATAGAGACCCAGTACTTC', 'CAWSVRAGIETQYF', np.int64(43), np.int64(11))
171	('TGTGCCAGCAGCAAACGGGGGGGGCATTTT', 'CASSKRGGHF', np.int64(18), np.int64(4))
172	('TGTGCCAGCAGCTTAGGGGACAGGGGGGGGGATCAGCCCCAGCATTTT', 'CASSLGDRGGDQPQHF', np.int64(81), np.int64(4))
173	('TGTGCCAGCATCAAAGACAGGGCGCACAATGAGCAGTTCTTC', 'CASIKDRAHNEQFF', np.int64(66), np.int64(7))
174	('TGTGCCAGCTCGTTTGCACGGGCGGTAGACAATTCACCCCTCCACTTT', 'CASSFARAVDNSPLHF', np.int64(25), np.int64(6))
175	('TGTGCCAGCCGTATCGGGAACACCGGGGAGCTGTTTTTT', 'CASRIGNTGELFF', np.int64(52), np.int64(8))
176	('TGTGCCAGCAGTGAGCTAGCGGGGACCTACGAGCAGTACTTC', 'CASSELAGTYEQYF', np.int64(34), np.int64(13))
177	('TGTGCCAGCTCACCGGTGCGGATACAGGCCAGCACTGAAGCTTTCTTT', 'CASSPVRIQASTEAFF', np.int64(25), np.int64(0))
178	('TGTGCCAGCAGCTGCGGGGAGATTGACAATGAGCAGTTCTTC', 'CASSCGEIDNEQFF', np.int64(86), np.int64(7))
179	('TGTGCCAGCAGCTTGGGACCCGCGGGAGAAGGTGAGAACACTGAAGCTTTCTTT', 'CASSLGPAGEGENTEAFF', np.int64(55), np.int64(0))
180	('TGTGCCAGCAGCCAAGTCCCCTGGGAGCCGGGACAGGGAATCCAGAACACTGAAGCTTTCTTT', 'CASSQVPWEPGQGIQNTEAFF', np.int64(38), np.int64(0))
181	('TGTGCCAGTAGTATTGTAGACCCAGGCGACTACGAGCAGTACTTC', 'CASSIVDPGDYEQYF', np.int64(26), np.int64(13))
182	('TGTGCTAGTCACAGAAATACAACCAACGAGCAGTACTTC', 'CASHRNTTNEQYF', np.int64(17), np.int64(13))
183	('TGTGCCAGCAGTGTCGGATACAATGAGCAGTTCTTC', 'CASSVGYNEQFF', np.int64(61), np.int64(7))
184	('TGCAGTGATGGAAGGGTTACCGCGAACACCGGGGAGCTGTTTTTT', 'CSDGRVTANTGELFF', np.int64(29), np.int64(8))
185	('TGCGCCAGCAGCCGGGTATGGCAGCAGTTCTTC', 'CASSRVWQQFF', np.int64(49), np.int64(7))
186	('TGTGCCAGCAGCCCCCCGGGAGGAAAGCAGTACTTC', 'CASSPPGGKQYF', np.int64(19), np.int64(13))
187	('TGTGCCAGCAGGACGCTCAAGCGATTAAATGAGCAGTTCTTC', 'CASRTLKRLNEQFF', np.int64(32), np.int64(7))
188	('TGCAGCGTCCAGGGCTTAGAGGATCTGGAGCAGTTCTTC', 'CSVQGLEDLEQFF', np.int64(36), np.int64(7))
189	('TGTGCCAGCAGCGCGGACAGAAACAATCAGCCCCAGCATTTT', 'CASSADRNNQPQHF', np.int64(73), np.int64(4))
190	('TGTGCCAGCAGTGAACTTCTGACAGGGCAAGCGGGCTACACCTTC', 'CASSELLTGQAGYTF', np.int64(61), np.int64(1))
191	('TGTGCCAGCAGTTTATGGGGGGACAGGAAAGGAGGCAACCACAATCAGCCCCAGCATTTT', 'CASSLWGDRKGGNHNQPQHF', np.int64(15), np.int64(4))
192	('TGTGCCAACCCTGGTAATTTTGCAGATACGCAGTATTTT', 'CANPGNFADTQYF', np.int64(83), np.int64(9))
193	('TGTGCCAGCTCACCGGGGTCTAGAGAAAAACTGTTTTTT', 'CASSPGSREKLFF', np.int64(25), np.int64(3))
194	('TGTGCCAGCTCACCACAGGAACTTGGGGCGAATGGCTACACCTTC', 'CASSPQELGANGYTF', np.int64(25), np.int64(1))
195	('TGCAGCGCCCAGGTTCAAGAGACCCAGTACTTC', 'CSAQVQETQYF', np.int64(36), np.int64(11))
196	('TGTGCCAGCAGCCTTCGGGGAAGCAGCTCCACCGGGGAGCTGTTTTTT', 'CASSLRGSSSTGELFF', np.int64(14), np.int64(8))
197	('TGTGCTAGTGGCCGTCTGGACATGCGTTTCTTCCCGAACACTGAAGCTTTCTTT', 'CASGRLDMRFFPNTEAFF', np.int64(17), np.int64(0))
198	('TGTGCCAGCAGAGCGAAGCCGGGACTAGCAGAGATTTTAGATACGCAGTATTTT', 'CASRAKPGLAEILDTQYF', np.int64(28), np.int64(9))
199	('TGTGCCAGCAGCGCCGACTTGGGAGTTGGCCCGGATATCTCTGGGGCCAACGTCCTGACTTTC', 'CASSADLGVGPDISGANVLTF', np.int64(77), np.int64(12))
